{"cameraMode":{"drawMode":0,"name":"Shaded","section":"Shading Mode"},"sceneLighting":true,"audioPlay":false,"sceneViewState":{"m_AlwaysRefresh":false,"showFog":true,"showSkybox":true,"showFlares":true,"showImageEffects":true,"showParticleSystems":true,"showVisualEffectGraphs":true,"m_FxEnabled":true},"in2DMode":false,"pivot":{"x":149.70640563964845,"y":465.26300048828127,"z":94.16632080078125},"rotation":{"x":0.00030972054810263216,"y":0.005995430052280426,"z":0.000002056474386336049,"w":0.9999890923500061},"size":202.56863403320313,"orthographic":false}